RunNumber,BeamEnergy,Threshold,GearGeoFile
000001,4.8,6,alignedGear-iter9-run000437.xml
000002,4.8,6,alignedGear-iter9-run000437.xml
000003,4.8,6,alignedGear-iter9-run000437.xml
000004,4.8,6,alignedGear-iter9-run000437.xml
000005,4.8,6,alignedGear-iter9-run000437.xml
000006,4.8,6,alignedGear-iter9-run000437.xml
000007,4.8,6,alignedGear-iter9-run000437.xml
000008,4.8,6,alignedGear-iter9-run000437.xml
000009,4.8,6,alignedGear-iter9-run000437.xml
000010,4.8,6,alignedGear-iter9-run000437.xml
000011,4.8,6,alignedGear-iter9-run000437.xml
000012,4.8,6,alignedGear-iter9-run000437.xml
000013,4.8,6,alignedGear-iter9-run000437.xml
000014,4.8,6,alignedGear-iter9-run000437.xml
000015,4.8,6,alignedGear-iter9-run000437.xml
000016,4.8,6,alignedGear-iter9-run000437.xml
000017,4.8,6,alignedGear-iter9-run000437.xml
000018,4.8,6,alignedGear-iter9-run000437.xml
000019,4.8,6,alignedGear-iter9-run000437.xml
000020,4.8,6,alignedGear-iter9-run000437.xml
000021,4.8,6,alignedGear-iter9-run000437.xml
000022,4.8,6,alignedGear-iter9-run000437.xml
000023,4.8,6,alignedGear-iter9-run000437.xml
000024,4.8,6,alignedGear-iter9-run000437.xml
000025,4.8,6,alignedGear-iter9-run000437.xml
000026,4.8,6,alignedGear-iter9-run000437.xml
000027,4.8,6,alignedGear-iter9-run000437.xml
000028,4.8,6,alignedGear-iter9-run000437.xml
000029,4.8,6,alignedGear-iter9-run000437.xml
000030,4.8,6,alignedGear-iter9-run000437.xml
000031,4.8,6,alignedGear-iter9-run000437.xml
000032,4.8,6,alignedGear-iter9-run000437.xml
000033,4.8,6,alignedGear-iter9-run000437.xml
000034,4.8,6,alignedGear-iter9-run000437.xml
000035,4.8,6,alignedGear-iter9-run000437.xml
000036,4.8,6,alignedGear-iter9-run000437.xml
000037,4.8,6,alignedGear-iter9-run000437.xml
000038,4.8,6,alignedGear-iter9-run000437.xml
000039,4.8,6,alignedGear-iter9-run000437.xml
000040,4.8,6,alignedGear-iter9-run000437.xml
000041,4.8,6,alignedGear-iter9-run000437.xml
000042,4.8,6,alignedGear-iter9-run000437.xml
000043,4.8,6,alignedGear-iter9-run000437.xml
000044,4.8,6,alignedGear-iter9-run000437.xml
000045,4.8,6,alignedGear-iter9-run000437.xml
000046,4.8,6,alignedGear-iter9-run000437.xml
000047,4.8,6,alignedGear-iter9-run000437.xml
000048,4.8,6,alignedGear-iter9-run000437.xml
000049,4.8,6,alignedGear-iter9-run000437.xml
000050,4.8,6,alignedGear-iter9-run000437.xml
000051,4.8,6,alignedGear-iter9-run000437.xml
000052,4.8,6,alignedGear-iter9-run000437.xml
000053,4.8,6,alignedGear-iter9-run000437.xml
000054,4.8,6,alignedGear-iter9-run000437.xml
000055,4.8,6,alignedGear-iter9-run000437.xml
000056,4.8,6,alignedGear-iter9-run000437.xml
000057,4.8,6,alignedGear-iter9-run000437.xml
000058,4.8,6,alignedGear-iter9-run000437.xml
000059,4.8,6,alignedGear-iter9-run000437.xml
000060,4.8,6,alignedGear-iter9-run000437.xml
000061,4.8,6,alignedGear-iter9-run000437.xml
000062,4.8,6,alignedGear-iter9-run000437.xml
000063,4.8,6,alignedGear-iter9-run000437.xml
000064,4.8,6,alignedGear-iter9-run000437.xml
000065,4.8,6,alignedGear-iter9-run000437.xml
000066,4.8,6,alignedGear-iter9-run000437.xml
000067,4.8,6,alignedGear-iter9-run000437.xml
000068,4.8,6,alignedGear-iter9-run000437.xml
000069,4.8,6,alignedGear-iter9-run000437.xml
000070,4.8,6,alignedGear-iter9-run000437.xml
000071,4.8,6,alignedGear-iter9-run000437.xml
000072,4.8,6,alignedGear-iter9-run000437.xml
000073,4.8,6,alignedGear-iter9-run000437.xml
000074,4.8,6,alignedGear-iter9-run000437.xml
000075,4.8,6,alignedGear-iter9-run000437.xml
000076,4.8,6,alignedGear-iter9-run000437.xml
000077,4.8,6,alignedGear-iter9-run000437.xml
000078,4.8,6,alignedGear-iter9-run000437.xml
000079,4.8,6,alignedGear-iter9-run000437.xml
000080,4.8,6,alignedGear-iter9-run000437.xml
000081,4.8,6,alignedGear-iter9-run000437.xml
000082,4.8,6,alignedGear-iter9-run000437.xml
000083,4.8,6,alignedGear-iter9-run000437.xml
000084,4.8,6,alignedGear-iter9-run000437.xml
000085,4.8,6,alignedGear-iter9-run000437.xml
000086,4.8,6,alignedGear-iter9-run000437.xml
000087,4.8,6,alignedGear-iter9-run000437.xml
000088,4.8,6,alignedGear-iter9-run000437.xml
000089,4.8,6,alignedGear-iter9-run000437.xml
000090,4.8,6,alignedGear-iter9-run000437.xml
000091,4.8,6,alignedGear-iter9-run000437.xml
000092,4.8,6,alignedGear-iter9-run000437.xml
000093,4.8,6,alignedGear-iter9-run000437.xml
000094,4.8,6,alignedGear-iter9-run000437.xml
000095,4.8,6,alignedGear-iter9-run000437.xml
000096,4.8,6,alignedGear-iter9-run000437.xml
000097,4.8,6,alignedGear-iter9-run000437.xml
000098,4.8,6,alignedGear-iter9-run000437.xml
000099,4.8,6,alignedGear-iter9-run000437.xml
000100,4.8,6,alignedGear-iter9-run000437.xml
000101,4.8,6,alignedGear-iter9-run000437.xml
000102,4.8,6,alignedGear-iter9-run000437.xml
000103,4.8,6,alignedGear-iter9-run000437.xml
000104,4.8,6,alignedGear-iter9-run000437.xml
000105,4.8,6,alignedGear-iter9-run000437.xml
000106,4.8,6,alignedGear-iter9-run000437.xml
000107,4.8,6,alignedGear-iter9-run000437.xml
000108,4.8,6,alignedGear-iter9-run000437.xml
000109,4.8,6,alignedGear-iter9-run000437.xml
000110,4.8,6,alignedGear-iter9-run000437.xml
000111,4.8,6,alignedGear-iter9-run000437.xml
000112,4.8,6,alignedGear-iter9-run000437.xml
000113,4.8,6,alignedGear-iter9-run000437.xml
000114,4.8,6,alignedGear-iter9-run000437.xml
000115,4.8,6,alignedGear-iter9-run000437.xml
000116,4.8,6,alignedGear-iter9-run000437.xml
000117,4.8,6,alignedGear-iter9-run000437.xml
000118,4.8,6,alignedGear-iter9-run000437.xml
000119,4.8,6,alignedGear-iter9-run000437.xml
000120,4.8,6,alignedGear-iter9-run000437.xml
000121,4.8,6,alignedGear-iter9-run000437.xml
000122,4.8,6,alignedGear-iter9-run000437.xml
000123,4.8,6,alignedGear-iter9-run000437.xml
000124,4.8,6,alignedGear-iter9-run000437.xml
000125,4.8,6,alignedGear-iter9-run000437.xml
000126,4.8,6,alignedGear-iter9-run000437.xml
000127,4.8,6,alignedGear-iter9-run000437.xml
000128,4.8,6,alignedGear-iter9-run000437.xml
000129,4.8,6,alignedGear-iter9-run000437.xml
000130,4.8,6,alignedGear-iter9-run000437.xml
000131,4.8,6,alignedGear-iter9-run000437.xml
000132,4.8,6,alignedGear-iter9-run000437.xml
000133,4.8,6,alignedGear-iter9-run000437.xml
000134,4.8,6,alignedGear-iter9-run000437.xml
000135,4.8,6,alignedGear-iter9-run000437.xml
000136,4.8,6,alignedGear-iter9-run000437.xml
000137,4.8,6,alignedGear-iter9-run000437.xml
000138,4.8,6,alignedGear-iter9-run000437.xml
000139,4.8,6,alignedGear-iter9-run000437.xml
000140,4.8,6,alignedGear-iter9-run000437.xml
000141,4.8,6,alignedGear-iter9-run000437.xml
000142,4.8,6,alignedGear-iter9-run000437.xml
000143,4.8,6,alignedGear-iter9-run000437.xml
000144,4.8,6,alignedGear-iter9-run000437.xml
000145,4.8,6,alignedGear-iter9-run000437.xml
000146,4.8,6,alignedGear-iter9-run000437.xml
000147,4.8,6,alignedGear-iter9-run000437.xml
000148,4.8,6,alignedGear-iter9-run000437.xml
000149,4.8,6,alignedGear-iter9-run000437.xml
000150,4.8,6,alignedGear-iter9-run000437.xml
000151,4.8,6,alignedGear-iter9-run000437.xml
000152,4.8,6,alignedGear-iter9-run000437.xml
000153,4.8,6,alignedGear-iter9-run000437.xml
000154,4.8,6,alignedGear-iter9-run000437.xml
000155,4.8,6,alignedGear-iter9-run000437.xml
000156,4.8,6,alignedGear-iter9-run000437.xml
000157,4.8,6,alignedGear-iter9-run000437.xml
000158,4.8,6,alignedGear-iter9-run000437.xml
000159,4.8,6,alignedGear-iter9-run000437.xml
000160,4.8,6,alignedGear-iter9-run000437.xml
000161,4.8,6,alignedGear-iter9-run000437.xml
000162,4.8,6,alignedGear-iter9-run000437.xml
000163,4.8,6,alignedGear-iter9-run000437.xml
000164,4.8,6,alignedGear-iter9-run000437.xml
000165,4.8,6,alignedGear-iter9-run000437.xml
000166,4.8,6,alignedGear-iter9-run000437.xml
000167,4.8,6,alignedGear-iter9-run000437.xml
000168,4.8,6,alignedGear-iter9-run000437.xml
000169,4.8,6,alignedGear-iter9-run000437.xml
000170,4.8,6,alignedGear-iter9-run000437.xml
000171,4.8,6,alignedGear-iter9-run000437.xml
000172,4.8,6,alignedGear-iter9-run000437.xml
000173,4.8,6,alignedGear-iter9-run000437.xml
000174,4.8,6,alignedGear-iter9-run000437.xml
000175,4.8,6,alignedGear-iter9-run000437.xml
000176,4.8,6,alignedGear-iter9-run000437.xml
000177,4.8,6,alignedGear-iter9-run000437.xml
000178,4.8,6,alignedGear-iter9-run000437.xml
000179,4.8,6,alignedGear-iter9-run000437.xml
000180,4.8,6,alignedGear-iter9-run000437.xml
000181,4.8,6,alignedGear-iter9-run000437.xml
000182,4.8,6,alignedGear-iter9-run000437.xml
000183,4.8,6,alignedGear-iter9-run000437.xml
000184,4.8,6,alignedGear-iter9-run000437.xml
000185,4.8,6,alignedGear-iter9-run000437.xml
000186,4.8,6,alignedGear-iter9-run000437.xml
000187,4.8,6,alignedGear-iter9-run000437.xml
000188,4.8,6,alignedGear-iter9-run000437.xml
000189,4.8,6,alignedGear-iter9-run000437.xml
000190,4.8,6,alignedGear-iter9-run000437.xml
000191,4.8,6,alignedGear-iter9-run000437.xml
000192,4.8,6,alignedGear-iter9-run000437.xml
000193,4.8,6,alignedGear-iter9-run000437.xml
000194,4.8,6,alignedGear-iter9-run000437.xml
000195,4.8,6,alignedGear-iter9-run000437.xml
000196,4.8,6,alignedGear-iter9-run000437.xml
000197,4.8,6,alignedGear-iter9-run000437.xml
000198,4.8,6,alignedGear-iter9-run000437.xml
000199,4.8,6,alignedGear-iter9-run000437.xml
000200,4.8,6,alignedGear-iter9-run000437.xml
000201,4.8,6,alignedGear-iter9-run000437.xml
000202,4.8,6,alignedGear-iter9-run000437.xml
000203,4.8,6,alignedGear-iter9-run000437.xml
000204,4.8,6,alignedGear-iter9-run000437.xml
000205,4.8,6,alignedGear-iter9-run000437.xml
000206,4.8,6,alignedGear-iter9-run000437.xml
000207,4.8,6,alignedGear-iter9-run000437.xml
000208,4.8,6,alignedGear-iter9-run000437.xml
000209,4.8,6,alignedGear-iter9-run000437.xml
000210,4.8,6,alignedGear-iter9-run000437.xml
000211,4.8,6,alignedGear-iter9-run000437.xml
000212,4.8,6,alignedGear-iter9-run000437.xml
000213,4.8,6,alignedGear-iter9-run000437.xml
000214,4.8,6,alignedGear-iter9-run000437.xml
000215,4.8,6,alignedGear-iter9-run000437.xml
000216,4.8,6,alignedGear-iter9-run000437.xml
000217,4.8,6,alignedGear-iter9-run000437.xml
000218,4.8,6,alignedGear-iter9-run000437.xml
000219,4.8,6,alignedGear-iter9-run000437.xml
000220,4.8,6,alignedGear-iter9-run000437.xml
000221,4.8,6,alignedGear-iter9-run000437.xml
000222,4.8,6,alignedGear-iter9-run000437.xml
000223,4.8,6,alignedGear-iter9-run000437.xml
000224,4.8,6,alignedGear-iter9-run000437.xml
000225,4.8,6,alignedGear-iter9-run000437.xml
000226,4.8,6,alignedGear-iter9-run000437.xml
000227,4.8,6,alignedGear-iter9-run000437.xml
000228,4.8,6,alignedGear-iter9-run000437.xml
000229,4.8,6,alignedGear-iter9-run000437.xml
000230,4.8,6,alignedGear-iter9-run000437.xml
000231,4.8,6,alignedGear-iter9-run000437.xml
000232,4.8,6,alignedGear-iter9-run000437.xml
000233,4.8,6,alignedGear-iter9-run000437.xml
000234,4.8,6,alignedGear-iter9-run000437.xml
000235,4.8,6,alignedGear-iter9-run000437.xml
000236,4.8,6,alignedGear-iter9-run000437.xml
000237,4.8,6,alignedGear-iter9-run000437.xml
000238,4.8,6,alignedGear-iter9-run000437.xml
000239,4.8,6,alignedGear-iter9-run000437.xml
000240,4.8,6,alignedGear-iter9-run000437.xml
000241,4.8,6,alignedGear-iter9-run000437.xml
000242,4.8,6,alignedGear-iter9-run000437.xml
000243,4.8,6,alignedGear-iter9-run000437.xml
000244,4.8,6,alignedGear-iter9-run000437.xml
000245,4.8,6,alignedGear-iter9-run000437.xml
000246,4.8,6,alignedGear-iter9-run000437.xml
000247,4.8,6,alignedGear-iter9-run000437.xml
000248,4.8,6,alignedGear-iter9-run000437.xml
000249,4.8,6,alignedGear-iter9-run000437.xml
000250,4.8,6,alignedGear-iter9-run000437.xml
000251,4.8,6,alignedGear-iter9-run000437.xml
000252,4.8,6,alignedGear-iter9-run000437.xml
000253,4.8,6,alignedGear-iter9-run000437.xml
000254,4.8,6,alignedGear-iter9-run000437.xml
000255,4.8,6,alignedGear-iter9-run000437.xml
000256,4.8,6,alignedGear-iter9-run000437.xml
000257,4.8,6,alignedGear-iter9-run000437.xml
000258,4.8,6,alignedGear-iter9-run000437.xml
000259,4.8,6,alignedGear-iter9-run000437.xml
000260,4.8,6,alignedGear-iter9-run000437.xml
000261,4.8,6,alignedGear-iter9-run000437.xml
000262,4.8,6,alignedGear-iter9-run000437.xml
000263,4.8,6,alignedGear-iter9-run000437.xml
000264,4.8,6,alignedGear-iter9-run000437.xml
000265,4.8,6,alignedGear-iter9-run000437.xml
000266,4.8,6,alignedGear-iter9-run000437.xml
000267,4.8,6,alignedGear-iter9-run000437.xml
000268,4.8,6,alignedGear-iter9-run000437.xml
000269,4.8,6,alignedGear-iter9-run000437.xml
000270,4.8,6,alignedGear-iter9-run000437.xml
000271,4.8,6,alignedGear-iter9-run000437.xml
000272,4.8,6,alignedGear-iter9-run000437.xml
000273,4.8,6,alignedGear-iter9-run000437.xml
000274,4.8,6,alignedGear-iter9-run000437.xml
000275,4.8,6,alignedGear-iter9-run000437.xml
000276,4.8,6,alignedGear-iter9-run000437.xml
000277,4.8,6,alignedGear-iter9-run000437.xml
000278,4.8,6,alignedGear-iter9-run000437.xml
000279,4.8,6,alignedGear-iter9-run000437.xml
000280,4.8,6,alignedGear-iter9-run000437.xml
000281,4.8,6,alignedGear-iter9-run000437.xml
000282,4.8,6,alignedGear-iter9-run000437.xml
000283,4.8,6,alignedGear-iter9-run000437.xml
000284,4.8,6,alignedGear-iter9-run000437.xml
000285,4.8,6,alignedGear-iter9-run000437.xml
000286,4.8,6,alignedGear-iter9-run000437.xml
000287,4.8,6,alignedGear-iter9-run000437.xml
000288,4.8,6,alignedGear-iter9-run000437.xml
000289,4.8,6,alignedGear-iter9-run000437.xml
000290,4.8,6,alignedGear-iter9-run000437.xml
000291,4.8,6,alignedGear-iter9-run000437.xml
000292,4.8,6,alignedGear-iter9-run000437.xml
000293,4.8,6,alignedGear-iter9-run000437.xml
000294,4.8,6,alignedGear-iter9-run000437.xml
000295,4.8,6,alignedGear-iter9-run000437.xml
000296,4.8,6,alignedGear-iter9-run000437.xml
000297,4.8,6,alignedGear-iter9-run000437.xml
000298,4.8,6,alignedGear-iter9-run000437.xml
000299,4.8,6,alignedGear-iter9-run000437.xml
000300,4.8,6,alignedGear-iter9-run000437.xml
000301,4.8,6,alignedGear-iter9-run000437.xml
000302,4.8,6,alignedGear-iter9-run000437.xml
000303,4.8,6,alignedGear-iter9-run000437.xml
000304,4.8,6,alignedGear-iter9-run000437.xml
000305,4.8,6,alignedGear-iter9-run000437.xml
000306,4.8,6,alignedGear-iter9-run000437.xml
000307,4.8,6,alignedGear-iter9-run000437.xml
000308,4.8,6,alignedGear-iter9-run000437.xml
000309,4.8,6,alignedGear-iter9-run000437.xml
000310,4.8,6,alignedGear-iter9-run000437.xml
000311,4.8,6,alignedGear-iter9-run000437.xml
000312,4.8,6,alignedGear-iter9-run000437.xml
000313,4.8,6,alignedGear-iter9-run000437.xml
000314,4.8,6,alignedGear-iter9-run000437.xml
000315,4.8,6,alignedGear-iter9-run000437.xml
000316,4.8,6,alignedGear-iter9-run000437.xml
000317,4.8,6,alignedGear-iter9-run000437.xml
000318,4.8,6,alignedGear-iter9-run000437.xml
000319,4.8,6,alignedGear-iter9-run000437.xml
000320,4.8,6,alignedGear-iter9-run000437.xml
000321,4.8,6,alignedGear-iter9-run000437.xml
000322,4.8,6,alignedGear-iter9-run000437.xml
000323,4.8,6,alignedGear-iter9-run000437.xml
000324,4.8,6,alignedGear-iter9-run000437.xml
000325,4.8,6,alignedGear-iter9-run000437.xml
000326,4.8,6,alignedGear-iter9-run000437.xml
000327,4.8,6,alignedGear-iter9-run000437.xml
000328,4.8,6,alignedGear-iter9-run000437.xml
000329,4.8,6,alignedGear-iter9-run000437.xml
000330,4.8,6,alignedGear-iter9-run000437.xml
000331,4.8,6,alignedGear-iter9-run000437.xml
000332,4.8,6,alignedGear-iter9-run000437.xml
000333,4.8,6,alignedGear-iter9-run000437.xml
000334,4.8,6,alignedGear-iter9-run000437.xml
000335,4.8,6,alignedGear-iter9-run000437.xml
000336,4.8,6,alignedGear-iter9-run000437.xml
000337,4.8,6,alignedGear-iter9-run000437.xml
000338,4.8,6,alignedGear-iter9-run000437.xml
000339,4.8,6,alignedGear-iter9-run000437.xml
000340,4.8,6,alignedGear-iter9-run000437.xml
000341,4.8,6,alignedGear-iter9-run000437.xml
000342,4.8,6,alignedGear-iter9-run000437.xml
000343,4.8,6,alignedGear-iter9-run000437.xml
000344,4.8,6,alignedGear-iter9-run000437.xml
000345,4.8,6,alignedGear-iter9-run000437.xml
000346,4.8,6,alignedGear-iter9-run000437.xml
000347,4.8,6,alignedGear-iter9-run000437.xml
000348,4.8,6,alignedGear-iter9-run000437.xml
000349,4.8,6,alignedGear-iter9-run000437.xml
000350,4.8,6,alignedGear-iter9-run000437.xml
000351,4.8,6,alignedGear-iter9-run000437.xml
000352,4.8,6,alignedGear-iter9-run000437.xml
000353,4.8,6,alignedGear-iter9-run000437.xml
000354,4.8,6,alignedGear-iter9-run000437.xml
000355,4.8,6,alignedGear-iter9-run000437.xml
000356,4.8,6,alignedGear-iter9-run000437.xml
000357,4.8,6,alignedGear-iter9-run000437.xml
000358,4.8,6,alignedGear-iter9-run000437.xml
000359,4.8,6,alignedGear-iter9-run000437.xml
000360,4.8,6,alignedGear-iter9-run000437.xml
000361,4.8,6,alignedGear-iter9-run000437.xml
000362,4.8,6,alignedGear-iter9-run000437.xml
000363,4.8,6,alignedGear-iter9-run000437.xml
000364,4.8,6,alignedGear-iter9-run000437.xml
000365,4.8,6,alignedGear-iter9-run000437.xml
000366,4.8,6,alignedGear-iter9-run000437.xml
000367,4.8,6,alignedGear-iter9-run000437.xml
000368,4.8,6,alignedGear-iter9-run000437.xml
000369,4.8,6,alignedGear-iter9-run000437.xml
000370,4.8,6,alignedGear-iter9-run000437.xml
000371,4.8,6,alignedGear-iter9-run000437.xml
000372,4.8,6,alignedGear-iter9-run000437.xml
000373,4.8,6,alignedGear-iter9-run000437.xml
000374,4.8,6,alignedGear-iter9-run000437.xml
000375,4.8,6,alignedGear-iter9-run000437.xml
000376,4.8,6,alignedGear-iter9-run000437.xml
000377,4.8,6,alignedGear-iter9-run000437.xml
000378,4.8,6,alignedGear-iter9-run000437.xml
000379,4.8,6,alignedGear-iter9-run000437.xml
000380,4.8,6,alignedGear-iter9-run000437.xml
000381,4.8,6,alignedGear-iter9-run000437.xml
000382,4.8,6,alignedGear-iter9-run000437.xml
000383,4.8,6,alignedGear-iter9-run000437.xml
000384,4.8,6,alignedGear-iter9-run000437.xml
000385,4.8,6,alignedGear-iter9-run000437.xml
000386,4.8,6,alignedGear-iter9-run000437.xml
000387,4.8,6,alignedGear-iter9-run000437.xml
000388,4.8,6,alignedGear-iter9-run000437.xml
000389,4.8,6,alignedGear-iter9-run000437.xml
000390,4.8,6,alignedGear-iter9-run000437.xml
000391,4.8,6,alignedGear-iter9-run000437.xml
000392,4.8,6,alignedGear-iter9-run000437.xml
000393,4.8,6,alignedGear-iter9-run000437.xml
000394,4.8,6,alignedGear-iter6-run000394.xml
000395,4.8,6,alignedGear-iter9-run000437.xml
000396,4.8,6,alignedGear-iter9-run000437.xml
000397,4.8,6,alignedGear-iter9-run000437.xml
000398,4.8,6,alignedGear-iter9-run000437.xml
000399,4.8,6,alignedGear-iter9-run000437.xml
000400,4.8,6,alignedGear-iter9-run000437.xml
000401,4.8,6,alignedGear-iter9-run000437.xml
000402,4.8,6,alignedGear-iter9-run000437.xml
000403,4.8,6,alignedGear-iter9-run000437.xml
000404,4.8,6,alignedGear-iter9-run000437.xml
000405,4.8,6,alignedGear-iter9-run000437.xml
000406,4.8,6,alignedGear-iter9-run000437.xml
000407,4.8,6,alignedGear-iter9-run000437.xml
000408,4.8,6,alignedGear-iter9-run000437.xml
000409,4.8,6,alignedGear-iter9-run000437.xml
000410,4.8,6,alignedGear-iter9-run000437.xml
000411,4.8,6,alignedGear-iter9-run000437.xml
000412,4.8,6,alignedGear-iter9-run000437.xml
000413,4.8,6,alignedGear-iter9-run000437.xml
000414,4.8,6,alignedGear-iter9-run000437.xml
000415,4.8,6,alignedGear-iter9-run000437.xml
000416,4.8,6,alignedGear-iter9-run000437.xml
000417,4.8,6,alignedGear-iter9-run000437.xml
000418,4.8,6,alignedGear-iter9-run000437.xml
000419,4.8,6,alignedGear-iter9-run000437.xml
000420,4.8,6,alignedGear-iter9-run000437.xml
000421,4.8,6,alignedGear-iter9-run000437.xml
000422,4.8,6,alignedGear-iter9-run000437.xml
000423,4.8,6,alignedGear-iter9-run000437.xml
000424,4.8,6,alignedGear-iter9-run000437.xml
000425,4.8,6,alignedGear-iter9-run000437.xml
000426,4.8,6,alignedGear-iter9-run000437.xml
000427,4.8,6,alignedGear-iter9-run000437.xml
000428,4.8,6,alignedGear-iter9-run000437.xml
000429,4.8,6,alignedGear-iter9-run000437.xml
000430,4.8,6,alignedGear-iter9-run000437.xml
000431,4.8,6,alignedGear-iter9-run000437.xml
000432,4.8,6,alignedGear-iter9-run000437.xml
000433,4.8,6,alignedGear-iter9-run000437.xml
000434,4.8,6,alignedGear-iter9-run000437.xml
000435,4.8,6,alignedGear-iter9-run000437.xml
000436,4.8,6,alignedGear-iter9-run000437.xml
000437,4.8,6,alignedGear-iter9-run000437.xml
000438,4.8,6,alignedGear-iter9-run000437.xml
000439,4.8,6,alignedGear-iter9-run000437.xml
000440,4.8,6,alignedGear-iter9-run000437.xml
000441,4.8,6,alignedGear-iter9-run000437.xml
000442,4.8,6,alignedGear-iter9-run000437.xml
000443,4.8,6,alignedGear-iter9-run000437.xml
000444,4.8,6,alignedGear-iter9-run000437.xml
000445,4.8,6,alignedGear-iter9-run000437.xml
000446,4.8,6,alignedGear-iter9-run000437.xml
000447,4.8,6,alignedGear-iter9-run000437.xml
000448,4.8,6,alignedGear-iter9-run000437.xml
000449,4.8,6,alignedGear-iter9-run000437.xml
000450,4.8,6,alignedGear-iter9-run000437.xml
000451,4.8,6,alignedGear-iter9-run000437.xml
000452,4.8,6,alignedGear-iter9-run000437.xml
000453,4.8,6,alignedGear-iter9-run000437.xml
000454,4.8,6,alignedGear-iter9-run000437.xml
000455,4.8,6,alignedGear-iter9-run000437.xml
000456,4.8,6,alignedGear-iter9-run000437.xml
000457,4.8,6,alignedGear-iter9-run000437.xml
000458,4.8,6,alignedGear-iter9-run000437.xml
000459,4.8,6,alignedGear-iter9-run000437.xml
000460,4.8,6,alignedGear-iter9-run000437.xml
000461,4.8,6,alignedGear-iter9-run000437.xml
000462,4.8,6,alignedGear-iter9-run000437.xml
000463,4.8,6,alignedGear-iter9-run000437.xml
000464,4.8,6,alignedGear-iter9-run000437.xml
000465,4.8,6,alignedGear-iter9-run000437.xml
000466,4.8,6,alignedGear-iter9-run000437.xml
000467,4.8,6,alignedGear-iter9-run000437.xml
000468,4.8,6,alignedGear-iter9-run000437.xml
000469,4.8,6,alignedGear-iter9-run000437.xml
000470,4.8,6,alignedGear-iter9-run000437.xml
000471,4.8,6,alignedGear-iter9-run000437.xml
000472,4.8,6,alignedGear-iter9-run000437.xml
000473,4.8,6,alignedGear-iter9-run000437.xml
000474,4.8,6,alignedGear-iter9-run000437.xml
000475,4.8,6,alignedGear-iter9-run000437.xml
000476,4.8,6,alignedGear-iter9-run000437.xml
000477,4.8,6,alignedGear-iter9-run000437.xml
000478,4.8,6,alignedGear-iter9-run000437.xml
000479,4.8,6,alignedGear-iter9-run000437.xml
000480,4.8,6,alignedGear-iter9-run000437.xml
000481,4.8,6,alignedGear-iter9-run000437.xml
000482,4.8,6,alignedGear-iter9-run000437.xml
000483,4.8,6,alignedGear-iter9-run000437.xml
000484,4.8,6,alignedGear-iter9-run000437.xml
000485,4.8,6,alignedGear-iter9-run000437.xml
000486,4.8,6,alignedGear-iter9-run000437.xml
000487,4.8,6,alignedGear-iter9-run000437.xml
000488,4.8,6,alignedGear-iter9-run000437.xml
000489,4.8,6,alignedGear-iter9-run000437.xml
000490,4.8,6,alignedGear-iter9-run000437.xml
000491,4.8,6,alignedGear-iter9-run000437.xml
000492,4.8,6,alignedGear-iter9-run000437.xml
000493,4.8,6,alignedGear-iter9-run000437.xml
000494,4.8,6,alignedGear-iter9-run000437.xml
000495,4.8,6,alignedGear-iter9-run000437.xml
000496,4.8,6,alignedGear-iter9-run000437.xml
000497,4.8,6,alignedGear-iter9-run000437.xml
000498,4.8,6,alignedGear-iter9-run000437.xml
000499,4.8,6,alignedGear-iter9-run000437.xml
000500,4.8,6,alignedGear-iter9-run000437.xml
000501,4.8,6,alignedGear-iter9-run000437.xml
000502,4.8,6,alignedGear-iter9-run000437.xml
000503,4.8,6,alignedGear-iter9-run000437.xml
000504,4.8,6,alignedGear-iter9-run000437.xml
000505,4.8,6,alignedGear-iter9-run000437.xml
000506,4.8,6,alignedGear-iter9-run000437.xml
000507,4.8,6,alignedGear-iter9-run000437.xml
000508,4.8,6,alignedGear-iter9-run000437.xml
000509,4.8,6,alignedGear-iter9-run000437.xml
000510,4.8,6,alignedGear-iter9-run000437.xml
000511,4.8,6,alignedGear-iter9-run000437.xml
000512,4.8,6,alignedGear-iter9-run000437.xml
000513,4.8,6,alignedGear-iter9-run000437.xml
000514,4.8,6,alignedGear-iter9-run000437.xml
000515,4.8,6,alignedGear-iter9-run000437.xml
000516,4.8,6,alignedGear-iter9-run000437.xml
000517,4.8,6,alignedGear-iter9-run000437.xml
000518,4.8,6,alignedGear-iter9-run000437.xml
000519,4.8,6,alignedGear-iter9-run000437.xml
000520,4.8,6,alignedGear-iter9-run000437.xml
000521,4.8,6,alignedGear-iter9-run000437.xml
000522,4.8,6,alignedGear-iter9-run000437.xml
000523,4.8,6,alignedGear-iter9-run000437.xml
000524,4.8,6,alignedGear-iter9-run000437.xml
000525,4.8,6,alignedGear-iter9-run000437.xml
000526,4.8,6,alignedGear-iter9-run000437.xml
000527,4.8,6,alignedGear-iter9-run000437.xml
000528,4.8,6,alignedGear-iter9-run000437.xml
000529,4.8,6,alignedGear-iter9-run000437.xml
000530,4.8,6,alignedGear-iter9-run000437.xml
000531,4.8,6,alignedGear-iter9-run000437.xml
000532,4.8,6,alignedGear-iter9-run000437.xml
000533,4.8,6,alignedGear-iter9-run000437.xml
000534,4.8,6,alignedGear-iter9-run000437.xml
000535,4.8,6,alignedGear-iter9-run000437.xml
000536,4.8,6,alignedGear-iter9-run000437.xml
000537,4.8,6,alignedGear-iter9-run000437.xml
000538,4.8,6,alignedGear-iter9-run000437.xml
000539,4.8,6,alignedGear-iter9-run000437.xml
000540,4.8,6,alignedGear-iter9-run000437.xml
000541,4.8,6,alignedGear-iter9-run000437.xml
000542,4.8,6,alignedGear-iter9-run000437.xml
000543,4.8,6,alignedGear-iter9-run000437.xml
000544,4.8,6,alignedGear-iter9-run000437.xml
000545,4.8,6,alignedGear-iter9-run000437.xml
000546,4.8,6,alignedGear-iter9-run000437.xml
000547,4.8,6,alignedGear-iter9-run000437.xml
000548,4.8,6,alignedGear-iter9-run000437.xml
000549,4.8,6,alignedGear-iter9-run000437.xml
000550,4.8,6,alignedGear-iter6-run000550.xml
000551,4.8,6,alignedGear-iter9-run000437.xml
000552,4.8,6,alignedGear-iter9-run000437.xml
000553,4.8,6,alignedGear-iter9-run000437.xml
000554,4.8,6,alignedGear-iter9-run000437.xml
000555,4.8,6,alignedGear-iter9-run000437.xml
000556,4.8,6,alignedGear-iter9-run000437.xml
000557,4.8,6,alignedGear-iter9-run000437.xml
000558,4.8,6,alignedGear-iter9-run000437.xml
000559,4.8,6,alignedGear-iter9-run000437.xml
000560,4.8,6,alignedGear-iter9-run000437.xml
000561,4.8,6,alignedGear-iter9-run000437.xml
000562,4.8,6,alignedGear-iter9-run000437.xml
000563,4.8,6,alignedGear-iter9-run000437.xml
000564,4.8,6,alignedGear-iter9-run000437.xml
000565,4.8,6,alignedGear-iter9-run000437.xml
000566,4.8,6,alignedGear-iter9-run000437.xml
000567,4.8,6,alignedGear-iter9-run000437.xml
000568,4.8,6,alignedGear-iter9-run000437.xml
000569,4.8,6,alignedGear-iter9-run000437.xml
000570,4.8,6,alignedGear-iter9-run000437.xml
000571,4.8,6,alignedGear-iter9-run000437.xml
000572,4.8,6,alignedGear-iter9-run000437.xml
000573,4.8,6,alignedGear-iter9-run000437.xml
000574,4.8,6,alignedGear-iter9-run000437.xml
000575,4.8,6,alignedGear-iter9-run000437.xml
000576,4.8,6,alignedGear-iter9-run000437.xml
000577,4.8,6,alignedGear-iter9-run000437.xml
000578,4.8,6,alignedGear-iter9-run000437.xml
000579,4.8,6,alignedGear-iter9-run000437.xml
000580,4.8,6,alignedGear-iter9-run000437.xml
000581,4.8,6,alignedGear-iter9-run000437.xml
000582,4.8,6,alignedGear-iter9-run000437.xml
000583,4.8,6,alignedGear-iter9-run000437.xml
000584,4.8,6,alignedGear-iter9-run000437.xml
000585,4.8,6,alignedGear-iter9-run000437.xml
000586,4.8,6,alignedGear-iter9-run000437.xml
000587,4.8,6,alignedGear-iter9-run000437.xml
000588,4.8,6,alignedGear-iter9-run000437.xml
000589,4.8,6,alignedGear-iter9-run000437.xml
000590,4.8,6,alignedGear-iter9-run000437.xml
000591,4.8,6,alignedGear-iter9-run000437.xml
000592,4.8,6,alignedGear-iter9-run000437.xml
000593,4.8,6,alignedGear-iter9-run000437.xml
000594,4.8,6,alignedGear-iter9-run000437.xml
000595,4.8,6,alignedGear-iter9-run000437.xml
000596,4.8,6,alignedGear-iter9-run000437.xml
000597,4.8,6,alignedGear-iter9-run000437.xml
000598,4.8,6,alignedGear-iter9-run000437.xml
000599,4.8,6,alignedGear-iter9-run000437.xml
000600,4.8,6,alignedGear-iter9-run000437.xml
000601,4.8,6,alignedGear-iter9-run000437.xml
000602,4.8,6,alignedGear-iter9-run000437.xml
000603,4.8,6,alignedGear-iter9-run000437.xml
000604,4.8,6,alignedGear-iter9-run000437.xml
000605,4.8,6,alignedGear-iter9-run000437.xml
000606,4.8,6,alignedGear-iter9-run000437.xml
000607,4.8,6,alignedGear-iter9-run000437.xml
000608,4.8,6,alignedGear-iter9-run000437.xml
000609,4.8,6,alignedGear-iter9-run000437.xml
000610,4.8,6,alignedGear-iter9-run000437.xml
000611,4.8,6,alignedGear-iter9-run000437.xml
000612,4.8,6,alignedGear-iter9-run000437.xml
000613,4.8,6,alignedGear-iter9-run000437.xml
000614,4.8,6,alignedGear-iter9-run000437.xml
000615,4.8,6,alignedGear-iter9-run000437.xml
000616,4.8,6,alignedGear-iter9-run000437.xml
000617,4.8,6,alignedGear-iter9-run000437.xml
000618,4.8,6,alignedGear-iter9-run000437.xml
000619,4.8,6,alignedGear-iter9-run000437.xml
000620,4.8,6,alignedGear-iter9-run000437.xml
000621,4.8,6,alignedGear-iter9-run000437.xml
000622,4.8,6,alignedGear-iter9-run000437.xml
000623,4.8,6,alignedGear-iter9-run000437.xml
000624,4.8,6,alignedGear-iter9-run000437.xml
000625,4.8,6,alignedGear-iter9-run000437.xml
000626,4.8,6,alignedGear-iter9-run000437.xml
000627,4.8,6,alignedGear-iter9-run000437.xml
000628,4.8,6,alignedGear-iter9-run000437.xml
000629,4.8,6,alignedGear-iter9-run000437.xml
000630,4.8,6,alignedGear-iter9-run000437.xml
000631,4.8,6,alignedGear-iter9-run000437.xml
000632,4.8,6,alignedGear-iter9-run000437.xml
000633,4.8,6,alignedGear-iter9-run000437.xml
000634,4.8,6,alignedGear-iter9-run000437.xml
000635,4.8,6,alignedGear-iter9-run000437.xml
000636,4.8,6,alignedGear-iter9-run000437.xml
000637,4.8,6,alignedGear-iter9-run000437.xml
000638,4.8,6,alignedGear-iter9-run000437.xml
000639,4.8,6,alignedGear-iter9-run000437.xml
000640,4.8,6,alignedGear-iter9-run000437.xml
000641,4.8,6,alignedGear-iter9-run000437.xml
000642,4.8,6,alignedGear-iter9-run000437.xml
000643,4.8,6,alignedGear-iter9-run000437.xml
000644,4.8,6,alignedGear-iter9-run000437.xml
000645,4.8,6,alignedGear-iter9-run000437.xml
000646,4.8,6,alignedGear-iter9-run000437.xml
000647,4.8,6,alignedGear-iter9-run000437.xml
000648,4.8,6,alignedGear-iter9-run000437.xml
000649,4.8,6,alignedGear-iter9-run000437.xml
000650,4.8,6,alignedGear-iter9-run000437.xml
000651,4.8,6,alignedGear-iter9-run000437.xml
000652,4.8,6,alignedGear-iter9-run000437.xml
000653,4.8,6,alignedGear-iter9-run000437.xml
000654,4.8,6,alignedGear-iter9-run000437.xml
000655,4.8,6,alignedGear-iter9-run000437.xml
000656,4.8,6,alignedGear-iter9-run000437.xml
000657,4.8,6,alignedGear-iter9-run000437.xml
000658,4.8,6,alignedGear-iter9-run000437.xml
000659,4.8,6,alignedGear-iter9-run000437.xml
000660,4.8,6,alignedGear-iter9-run000437.xml
000661,4.8,6,alignedGear-iter9-run000437.xml
000662,4.8,6,alignedGear-iter9-run000437.xml
000663,4.8,6,alignedGear-iter9-run000437.xml
000664,4.8,6,alignedGear-iter9-run000437.xml
000665,4.8,6,alignedGear-iter9-run000437.xml
000666,4.8,6,alignedGear-iter9-run000437.xml
000667,4.8,6,alignedGear-iter9-run000437.xml
000668,4.8,6,alignedGear-iter9-run000437.xml
000669,4.8,6,alignedGear-iter9-run000437.xml
000670,4.8,6,alignedGear-iter9-run000437.xml
000671,4.8,6,alignedGear-iter9-run000437.xml
000672,4.8,6,alignedGear-iter9-run000437.xml
000673,4.8,6,alignedGear-iter9-run000437.xml
000674,4.8,6,alignedGear-iter9-run000437.xml
000675,4.8,6,alignedGear-iter9-run000437.xml
000676,4.8,6,alignedGear-iter9-run000437.xml
000677,4.8,6,alignedGear-iter9-run000437.xml
000678,4.8,6,alignedGear-iter9-run000437.xml
000679,4.8,6,alignedGear-iter9-run000437.xml
000680,4.8,6,alignedGear-iter9-run000437.xml
000681,4.8,6,alignedGear-iter9-run000437.xml
000682,4.8,6,alignedGear-iter9-run000437.xml
000683,4.8,6,alignedGear-iter9-run000437.xml
000684,4.8,6,alignedGear-iter9-run000437.xml
000685,4.8,6,alignedGear-iter9-run000437.xml
000686,4.8,6,alignedGear-iter9-run000437.xml
000687,4.8,6,alignedGear-iter9-run000437.xml
000688,4.8,6,alignedGear-iter9-run000437.xml
000689,4.8,6,alignedGear-iter9-run000437.xml
000690,4.8,6,alignedGear-iter9-run000437.xml
000691,4.8,6,alignedGear-iter9-run000437.xml
000692,4.8,6,alignedGear-iter9-run000437.xml
000693,4.8,6,alignedGear-iter9-run000437.xml
000694,4.8,6,alignedGear-iter9-run000437.xml
000695,4.8,6,alignedGear-iter9-run000437.xml
000696,4.8,6,alignedGear-iter9-run000437.xml
000697,4.8,6,alignedGear-iter9-run000437.xml
000698,4.8,6,alignedGear-iter9-run000437.xml
000699,4.8,6,alignedGear-iter9-run000437.xml
000700,4.8,6,alignedGear-iter9-run000437.xml
000701,4.8,6,alignedGear-iter9-run000437.xml
000702,4.8,6,alignedGear-iter9-run000437.xml
000703,4.8,6,alignedGear-iter9-run000437.xml
000704,4.8,6,alignedGear-iter9-run000437.xml
000705,4.8,6,alignedGear-iter9-run000437.xml
000706,4.8,6,alignedGear-iter9-run000437.xml
000707,4.8,6,alignedGear-iter9-run000437.xml
000708,4.8,6,alignedGear-iter9-run000437.xml
000709,4.8,6,alignedGear-iter9-run000437.xml
000710,4.8,6,alignedGear-iter9-run000437.xml
000711,4.8,6,alignedGear-iter9-run000437.xml
000712,4.8,6,alignedGear-iter9-run000437.xml
000713,4.8,6,alignedGear-iter9-run000437.xml
000714,4.8,6,alignedGear-iter9-run000437.xml
000715,4.8,6,alignedGear-iter9-run000437.xml
000716,4.8,6,alignedGear-iter9-run000437.xml
000717,4.8,6,alignedGear-iter9-run000437.xml
000718,4.8,6,alignedGear-iter9-run000437.xml
000719,4.8,6,alignedGear-iter9-run000437.xml
000720,4.8,6,alignedGear-iter9-run000437.xml
000721,4.8,6,alignedGear-iter9-run000437.xml
000722,4.8,6,alignedGear-iter9-run000437.xml
000723,4.8,6,alignedGear-iter9-run000437.xml
000724,4.8,6,alignedGear-iter9-run000437.xml
000725,4.8,6,alignedGear-iter9-run000437.xml
000726,4.8,6,alignedGear-iter9-run000437.xml
000727,4.8,6,alignedGear-iter9-run000437.xml
000728,4.8,6,alignedGear-iter9-run000437.xml
000729,4.8,6,alignedGear-iter9-run000437.xml
000730,4.8,6,alignedGear-iter9-run000437.xml
000731,4.8,6,alignedGear-iter9-run000437.xml
000732,4.8,6,alignedGear-iter9-run000437.xml
000733,4.8,6,alignedGear-iter9-run000437.xml
000734,4.8,6,alignedGear-iter9-run000437.xml
000735,4.8,6,alignedGear-iter9-run000437.xml
000736,4.8,6,alignedGear-iter9-run000437.xml
000737,4.8,6,alignedGear-iter9-run000437.xml
000738,4.8,6,alignedGear-iter9-run000437.xml
000739,4.8,6,alignedGear-iter9-run000437.xml
000740,4.8,6,alignedGear-iter9-run000437.xml
000741,4.8,6,alignedGear-iter9-run000437.xml
000742,4.8,6,alignedGear-iter9-run000437.xml
000743,4.8,6,alignedGear-iter9-run000437.xml
000744,4.8,6,alignedGear-iter9-run000437.xml
000745,4.8,6,alignedGear-iter9-run000437.xml
000746,4.8,6,alignedGear-iter9-run000437.xml
000747,4.8,6,alignedGear-iter9-run000437.xml
000748,4.8,6,alignedGear-iter9-run000437.xml
000749,4.8,6,alignedGear-iter9-run000437.xml
000750,4.8,6,alignedGear-iter9-run000437.xml
000751,4.8,6,alignedGear-iter9-run000437.xml
000752,4.8,6,alignedGear-iter9-run000437.xml
000753,4.8,6,alignedGear-iter9-run000437.xml
000754,4.8,6,alignedGear-iter9-run000437.xml
000755,4.8,6,alignedGear-iter9-run000437.xml
000756,4.8,6,alignedGear-iter9-run000437.xml
000757,4.8,6,alignedGear-iter9-run000437.xml
000758,4.8,6,alignedGear-iter9-run000437.xml
000759,4.8,6,alignedGear-iter9-run000437.xml
000760,4.8,6,alignedGear-iter9-run000437.xml
000761,4.8,6,alignedGear-iter9-run000437.xml
000762,4.8,6,alignedGear-iter9-run000437.xml
000763,4.8,6,alignedGear-iter9-run000437.xml
000764,4.8,6,alignedGear-iter9-run000437.xml
000765,4.8,6,alignedGear-iter9-run000437.xml
000766,4.8,6,alignedGear-iter9-run000437.xml
000767,4.8,6,alignedGear-iter9-run000437.xml
000768,4.8,6,alignedGear-iter9-run000437.xml
000769,4.8,6,alignedGear-iter9-run000437.xml
000770,4.8,6,alignedGear-iter9-run000437.xml
000771,4.8,6,alignedGear-iter9-run000437.xml
000772,4.8,6,alignedGear-iter9-run000437.xml
000773,4.8,6,alignedGear-iter9-run000437.xml
000774,4.8,6,alignedGear-iter9-run000437.xml
000775,4.8,6,alignedGear-iter9-run000437.xml
000776,4.8,6,alignedGear-iter9-run000437.xml
000777,4.8,6,alignedGear-iter9-run000437.xml
000778,4.8,6,alignedGear-iter9-run000437.xml
000779,4.8,6,alignedGear-iter9-run000437.xml
000780,4.8,6,alignedGear-iter9-run000437.xml
000781,4.8,6,alignedGear-iter9-run000437.xml
000782,4.8,6,alignedGear-iter9-run000437.xml
000783,4.8,6,alignedGear-iter9-run000437.xml
000784,4.8,6,alignedGear-iter9-run000437.xml
000785,4.8,6,alignedGear-iter9-run000437.xml
000786,4.8,6,alignedGear-iter9-run000437.xml
000787,4.8,6,alignedGear-iter9-run000437.xml
000788,4.8,6,alignedGear-iter9-run000437.xml
000789,4.8,6,alignedGear-iter9-run000437.xml
000790,4.8,6,alignedGear-iter9-run000437.xml
000791,4.8,6,alignedGear-iter9-run000437.xml
000792,4.8,6,alignedGear-iter9-run000437.xml
000793,4.8,6,alignedGear-iter9-run000437.xml
000794,4.8,6,alignedGear-iter9-run000437.xml
000795,4.8,6,alignedGear-iter9-run000437.xml
000796,4.8,6,alignedGear-iter9-run000437.xml
000797,4.8,6,alignedGear-iter9-run000437.xml
000798,4.8,6,alignedGear-iter9-run000437.xml
000799,4.8,6,alignedGear-iter9-run000437.xml
000800,4.8,6,alignedGear-iter9-run000437.xml
000801,4.8,6,alignedGear-iter9-run000437.xml
000802,4.8,6,alignedGear-iter9-run000437.xml
000803,4.8,6,alignedGear-iter9-run000437.xml
000804,4.8,6,alignedGear-iter9-run000437.xml
000805,4.8,6,alignedGear-iter9-run000437.xml
000806,4.8,6,alignedGear-iter9-run000437.xml
000807,4.8,6,alignedGear-iter9-run000437.xml
000808,4.8,6,alignedGear-iter9-run000437.xml
000809,4.8,6,alignedGear-iter9-run000437.xml
000810,4.8,6,alignedGear-iter9-run000437.xml
000811,4.8,6,alignedGear-iter9-run000437.xml
000812,4.8,6,alignedGear-iter9-run000437.xml
000813,4.8,6,alignedGear-iter9-run000437.xml
000814,4.8,6,alignedGear-iter9-run000437.xml
000815,4.8,6,alignedGear-iter9-run000437.xml
000816,4.8,6,alignedGear-iter9-run000437.xml
000817,4.8,6,alignedGear-iter9-run000437.xml
000818,4.8,6,alignedGear-iter9-run000437.xml
000819,4.8,6,alignedGear-iter9-run000437.xml
000820,4.8,6,alignedGear-iter9-run000437.xml
000821,4.8,6,alignedGear-iter9-run000437.xml
000822,4.8,6,alignedGear-iter9-run000437.xml
000823,4.8,6,alignedGear-iter9-run000437.xml
000824,4.8,6,alignedGear-iter9-run000437.xml
000825,4.8,6,alignedGear-iter9-run000437.xml
000826,4.8,6,alignedGear-iter9-run000437.xml
000827,4.8,6,alignedGear-iter9-run000437.xml
000828,4.8,6,alignedGear-iter9-run000437.xml
000829,4.8,6,alignedGear-iter9-run000437.xml
000830,4.8,6,alignedGear-iter9-run000437.xml
000831,4.8,6,alignedGear-iter9-run000437.xml
000832,4.8,6,alignedGear-iter9-run000437.xml
000833,4.8,6,alignedGear-iter9-run000437.xml
000834,4.8,6,alignedGear-iter9-run000437.xml
000835,4.8,6,alignedGear-iter9-run000437.xml
000836,4.8,6,alignedGear-iter9-run000437.xml
000837,4.8,6,alignedGear-iter9-run000437.xml
000838,4.8,6,alignedGear-iter9-run000437.xml
000839,4.8,6,alignedGear-iter9-run000437.xml
000840,4.8,6,alignedGear-iter9-run000437.xml
000841,4.8,6,alignedGear-iter9-run000437.xml
000842,4.8,6,alignedGear-iter9-run000437.xml
000843,4.8,6,alignedGear-iter9-run000437.xml
000844,4.8,6,alignedGear-iter9-run000437.xml
000845,4.8,6,alignedGear-iter9-run000437.xml
000846,4.8,6,alignedGear-iter9-run000437.xml
000847,4.8,6,alignedGear-iter9-run000437.xml
000848,4.8,6,alignedGear-iter9-run000437.xml
000849,4.8,6,alignedGear-iter9-run000437.xml
000850,4.8,6,alignedGear-iter9-run000437.xml
000851,4.8,6,alignedGear-iter9-run000437.xml
000852,4.8,6,alignedGear-iter9-run000437.xml
000853,4.8,6,alignedGear-iter9-run000437.xml
000854,4.8,6,alignedGear-iter9-run000437.xml
000855,4.8,6,alignedGear-iter9-run000437.xml
000856,4.8,6,alignedGear-iter9-run000437.xml                                                       